PartNo,Name,PlacedLayer,X,Y,Angle,ECADAngle,PartName,ECADPartName,PackageName,Fixed,width,height,left,top,pins
19,LEDM,TOP,24.9,39.2,0,0,EAV61773801-BSBF-LEDM,EAV61773801,optic-imd-dip-14pin-2.54p-40.2x12.8w-7.0h,TRUE,40.2,12.8,4.816992187499999,32.76881234707199,"['(16.0269921875, 34.088812347071986)', '(18.5669921875, 34.088812347071986)', '(21.106992187499998, 34.088812347071986)', '(23.6469921875, 34.088812347071986)', '(26.1869921875, 34.088812347071986)', '(28.7269921875, 34.088812347071986)', '(31.266992187499998, 34.088812347071986)', '(33.8069921875, 34.088812347071986)', '(33.8069921875, 44.24881234707199)', '(28.7269921875, 44.24881234707199)', '(23.6469921875, 44.24881234707199)', '(21.106992187499998, 44.24881234707199)', '(18.5669921875, 44.24881234707199)', '(16.0269921875, 44.24881234707199)']"
9,CN_BTOB,BOTTOM,94.4,24.8,0,0,EAG64973601-BS-CN_BTOB,EAG64973601,con-smd-flzt_sm1-1x40pin-1.0p-25.5x3.3w-3.9h-sm,TRUE,4.300000000000009,25.5,92.2884765625,12.026072901953675,"['(93.13847656249999, 15.026072901953675)', '(95.7384765625, 15.526072901953675)', '(93.13847656249999, 16.026072901953675)', '(95.7384765625, 16.526072901953675)', '(93.13847656249999, 17.026072901953675)', '(95.7384765625, 17.526072901953675)', '(93.13847656249999, 18.026072901953675)', '(95.7384765625, 18.526072901953675)', '(93.13847656249999, 19.026072901953675)', '(95.7384765625, 19.526072901953675)', '(93.13847656249999, 20.026072901953675)', '(95.7384765625, 20.526072901953675)', '(93.13847656249999, 21.026072901953675)', '(95.7384765625, 21.526072901953675)', '(93.13847656249999, 22.026072901953675)', '(95.7384765625, 22.526072901953675)', '(93.13847656249999, 23.026072901953675)', '(95.7384765625, 23.526072901953675)', '(93.13847656249999, 24.026072901953675)', '(95.7384765625, 24.526072901953675)', '(93.13847656249999, 25.026072901953675)', '(95.7384765625, 25.526072901953675)', '(93.13847656249999, 26.026072901953675)', '(95.7384765625, 26.526072901953675)', '(93.13847656249999, 27.026072901953675)', '(95.7384765625, 27.526072901953675)', '(93.13847656249999, 28.026072901953675)', '(95.7384765625, 28.526072901953675)', '(93.13847656249999, 29.026072901953675)', '(95.7384765625, 29.526072901953675)', '(93.13847656249999, 30.026072901953675)', '(95.7384765625, 30.526072901953675)', '(93.13847656249999, 31.026072901953675)', '(95.7384765625, 31.526072901953675)', '(93.13847656249999, 32.02607290195367)', '(95.7384765625, 32.52607290195367)', '(93.13847656249999, 33.02607290195367)', '(95.7384765625, 33.52607290195367)', '(93.13847656249999, 34.02607290195367)', '(95.7384765625, 34.52607290195367)']"
11,CN_UART1,TOP,80.5,17.6,0,0,6630AQ9113C-BF-CN_UART1,6630AQ9113C,con-imd-smw250-1x4pin-2.5p-12.4x5.8w-7.0h-sm,TRUE,12.4,6.300000000000001,74.2931640625,14.129703179394518,"['(76.7431640625, 17.579703179394517)', '(79.2431640625, 17.579703179394517)', '(81.7431640625, 17.579703179394517)', '(84.2431640625, 17.579703179394517)']"
12,CN_UART2,TOP,59.2,18.4,0,0,6630AQ9267C,6630AQ9267C,con-imd-smw250-1x4pin-2.5p-12.4x5.8w-7.0h-sm,TRUE,12.4,6.300000000000001,52.9650390625,14.952145433401277,"['(55.4150390625, 18.402145433401277)', '(57.9150390625, 18.402145433401277)', '(60.4150390625, 18.402145433401277)', '(62.9150390625, 18.402145433401277)']"
10,CN_DEBUG,TOP,27.8,8.9,0,0,6630A90002B,6630A90002B,con-imd-smw200-1x4pin-2.0p-10.0x5.1w-7.7h-sm,TRUE,10.0,5.1,22.7880859375,6.744059512323525,"['(24.7880859375, 8.944059512323525)', '(26.7880859375, 8.944059512323525)', '(28.7880859375, 8.944059512323525)', '(30.7880859375, 8.944059512323525)']"
38,U01M,BOTTOM,70.6,26.4,270,270,EAN62235301-BSBF-U01M,EAN62235301,ic-smd-qfp-52pin-0.65p-12.0x12.0w-1.7h,FALSE,13.00000000000001,13.000000000000004,64.1494140625,19.920957409967198,"['(65.0494140625, 22.5209574099672)', '(65.0494140625, 23.170957409967198)', '(65.0494140625, 23.8209574099672)', '(65.0494140625, 24.4709574099672)', '(65.0494140625, 25.1209574099672)', '(65.0494140625, 25.7709574099672)', '(65.0494140625, 26.420957409967198)', '(65.0494140625, 27.0709574099672)', '(65.0494140625, 27.7209574099672)', '(65.0494140625, 28.3709574099672)', '(65.0494140625, 29.0209574099672)', '(65.0494140625, 29.670957409967198)', '(65.0494140625, 30.3209574099672)', '(66.74941406250001, 32.020957409967195)', '(67.3994140625, 32.020957409967195)', '(68.0494140625, 32.020957409967195)', '(68.69941406250001, 32.020957409967195)', '(69.3494140625, 32.020957409967195)', '(69.99941406250001, 32.020957409967195)', '(70.6494140625, 32.020957409967195)', '(71.2994140625, 32.020957409967195)', '(71.94941406250001, 32.020957409967195)', '(72.5994140625, 32.020957409967195)', '(73.24941406250001, 32.020957409967195)', '(73.8994140625, 32.020957409967195)', '(74.5494140625, 32.020957409967195)', '(76.24941406250001, 30.3209574099672)', '(76.24941406250001, 29.670957409967198)', '(76.24941406250001, 29.0209574099672)', '(76.24941406250001, 28.3709574099672)', '(76.24941406250001, 27.7209574099672)', '(76.24941406250001, 27.0709574099672)', '(76.24941406250001, 26.420957409967198)', '(76.24941406250001, 25.7709574099672)', '(76.24941406250001, 25.1209574099672)', '(76.24941406250001, 24.4709574099672)', '(76.24941406250001, 23.8209574099672)', '(76.24941406250001, 23.170957409967198)', '(76.24941406250001, 22.5209574099672)', '(74.5494140625, 20.8209574099672)', '(73.8994140625, 20.8209574099672)', '(73.24941406250001, 20.8209574099672)', '(72.5994140625, 20.8209574099672)', '(71.94941406250001, 20.8209574099672)', '(71.2994140625, 20.8209574099672)', '(70.6494140625, 20.8209574099672)', '(69.99941406250001, 20.8209574099672)', '(69.3494140625, 20.8209574099672)', '(68.69941406250001, 20.8209574099672)', '(68.0494140625, 20.8209574099672)', '(67.3994140625, 20.8209574099672)', '(66.74941406250001, 20.8209574099672)']"
37,SW_CONF,TOP,9.3,21.7,0,0,6600EC2001A,6600EC2001A,sw-imd-tact-02pin-5.0p-9.0w-13.0h,FALSE,9.0,9.0,4.8310546875,17.19191444942832,"['(6.8310546875, 21.69191444942832)', '(11.8310546875, 21.69191444942832)']"
36,SW_BACK,TOP,41.9,21.5,0,0,6600FC2335A,6600FC2335A,sw-imd-tact-02pin-5.0p-8.0x8.0w-13.0h,FALSE,8.2,8.2,37.8384765625,17.38630388592663,"['(39.4384765625, 21.48630388592663)', '(44.4384765625, 21.48630388592663)']"
36,SW_LEFT,TOP,20.0,21.5,0,0,6600FC2335A,6600FC2335A,sw-imd-tact-02pin-5.0p-8.0x8.0w-13.0h,FALSE,8.2,8.2,15.8951171875,17.38630388592663,"['(17.4951171875, 21.48630388592663)', '(22.4951171875, 21.48630388592663)']"
36,SW_RIGHT,TOP,30.9,21.5,0,0,6600FC2335A,6600FC2335A,sw-imd-tact-02pin-5.0p-8.0x8.0w-13.0h,FALSE,8.2,8.2,26.7642578125,17.38630388592663,"['(28.3642578125, 21.48630388592663)', '(33.3642578125, 21.48630388592663)']"
35,SW1,TOP,57.1,44.3,0,0,EBF61475101,EBF61475101,sw-smd-slide-8pin-1.27p-6.2x8.1w-2.3h,FALSE,6.2,9.1,54.0142578125,39.75907643461425,"['(55.2092578125, 40.50907643461425)', '(56.4792578125, 40.50907643461425)', '(57.7492578125, 40.50907643461425)', '(59.0192578125, 40.50907643461425)', '(59.0192578125, 48.109076434614245)', '(57.7492578125, 48.109076434614245)', '(56.4792578125, 48.109076434614245)', '(55.2092578125, 48.109076434614245)']"
35,SW2,TOP,64.5,44.3,0,0,EBF61475101,EBF61475101,sw-smd-slide-8pin-1.27p-6.2x8.1w-2.3h,FALSE,6.2,9.1,61.3970703125,39.75907643461425,"['(62.5920703125, 40.50907643461425)', '(63.8620703125, 40.50907643461425)', '(65.1320703125, 40.50907643461425)', '(66.4020703125, 40.50907643461425)', '(66.4020703125, 48.109076434614245)', '(65.1320703125, 48.109076434614245)', '(63.8620703125, 48.109076434614245)', '(62.5920703125, 48.109076434614245)']"
35,SW3,TOP,71.9,44.3,0,0,EBF61475101,EBF61475101,sw-smd-slide-8pin-1.27p-6.2x8.1w-2.3h,FALSE,6.2,9.1,68.7798828125,39.75907643461425,"['(69.9748828125, 40.50907643461425)', '(71.2448828125, 40.50907643461425)', '(72.5148828125, 40.50907643461425)', '(73.7848828125, 40.50907643461425)', '(73.7848828125, 48.109076434614245)', '(72.5148828125, 48.109076434614245)', '(71.2448828125, 48.109076434614245)', '(69.9748828125, 48.109076434614245)']"
35,SW4,TOP,79.3,44.3,0,0,EBF61475101,EBF61475101,sw-smd-slide-8pin-1.27p-6.2x8.1w-2.3h,FALSE,6.2,9.1,76.1626953125,39.75907643461425,"['(77.3576953125, 40.50907643461425)', '(78.6276953125, 40.50907643461425)', '(79.8976953125, 40.50907643461425)', '(81.1676953125, 40.50907643461425)', '(81.1676953125, 48.109076434614245)', '(79.8976953125, 48.109076434614245)', '(78.6276953125, 48.109076434614245)', '(77.3576953125, 48.109076434614245)']"
35,SW_FLASH,TOP,92.4,18.2,0,0,EBF61475101,EBF61475101,sw-smd-slide-8pin-1.27p-6.2x8.1w-2.3h,FALSE,6.2,9.1,89.2876953125,13.646534869899586,"['(90.4826953125, 14.396534869899586)', '(91.7526953125, 14.396534869899586)', '(93.0226953125, 14.396534869899586)', '(94.2926953125, 14.396534869899586)', '(94.2926953125, 21.996534869899588)', '(93.0226953125, 21.996534869899588)', '(91.7526953125, 21.996534869899588)', '(90.4826953125, 21.996534869899588)']"
3,C06,TOP,94.4,46.2,270,270,0CE107WH6D8,0CE107WH6D8,cap-smd-2pin-4.55p-6.6x7.2w-7.7h-e,FALSE,6.600000000000001,8.300000000000002,91.1384765625,42.00957150612946,"['(94.4384765625, 48.70957150612946)', '(94.4384765625, 43.60957150612946)']"
34,RESET_1,TOP,88.9,35.9,270,270,EBF61474701,EBF61474701,sw-smd-tact-4pin-3.0p-8.2x4.5w-3.8h,FALSE,4.500000000000002,9.7,86.6513671875,31.029043331044946,"['(90.4013671875, 39.97904333104495)', '(90.4013671875, 31.779043331044946)', '(87.4013671875, 39.97904333104495)', '(87.4013671875, 31.779043331044946)']"
34,RESET_2,TOP,49.7,44.5,90,90,EBF61474701,EBF61474701,sw-smd-tact-4pin-3.0p-8.2x4.5w-3.8h,FALSE,4.500000000000001,9.7,47.4814453125,39.66468699811593,"['(48.2314453125, 40.41468699811593)', '(48.2314453125, 48.614686998115936)', '(51.2314453125, 40.41468699811593)', '(51.2314453125, 48.614686998115936)']"
20,OSC01M,TOP,56.5,29.5,270,270,6212A90001L,6212A90001L,osc-imd-cst-3pin-2.5p-8.0x3.0w-5.5h,FALSE,4.00000148202514,9.000000000000213,54.49902326265445,25.005115208902435,"['(56.4990234375, 27.00511586249255)', '(56.4990234375, 29.50511586249255)', '(56.4990234375, 32.005115862492545)']"
21,Q01,TOP,15.9,29.9,0,0,0TR102008AA,0TR102008AA,tr-smd-sot23-3pin-1.9p-2.93x2.4w-1.3h,FALSE,2.93,3.3000000000000003,14.4285546875,28.266336989495933,"['(14.9435546875, 28.81633698949593)', '(15.8935546875, 31.016336989495933)', '(16.8435546875, 28.81633698949593)']"
21,Q02,TOP,21.4,29.9,0,0,0TR102008AA,0TR102008AA,tr-smd-sot23-3pin-1.9p-2.93x2.4w-1.3h,FALSE,2.93,3.3000000000000003,19.9656640625,28.266336989495933,"['(20.4806640625, 28.81633698949593)', '(21.4306640625, 31.016336989495933)', '(22.3806640625, 28.81633698949593)']"
21,Q03,TOP,28.2,29.9,0,0,0TR102008AA,0TR102008AA,tr-smd-sot23-3pin-1.9p-2.93x2.4w-1.3h,FALSE,2.93,3.3000000000000003,26.7332421875,28.266336989495933,"['(27.2482421875, 28.81633698949593)', '(28.1982421875, 31.016336989495933)', '(29.1482421875, 28.81633698949593)']"
21,Q04,TOP,34.1,29.9,0,0,0TR102008AA,0TR102008AA,tr-smd-sot23-3pin-1.9p-2.93x2.4w-1.3h,FALSE,2.93,3.3000000000000003,32.6805078125,28.266336989495933,"['(33.1955078125, 28.81633698949593)', '(34.1455078125, 31.016336989495933)', '(35.0955078125, 28.81633698949593)']"
7,C03M,TOP,62.0,36.5,90,90,EAE61081701,EAE61081701,cap-smd-2pin-3216-1.6h,FALSE,1.7000000000000002,4.300000000000001,61.1861328125,34.34587502155002,"['(62.0361328125, 34.89587502155002)', '(62.0361328125, 38.09587502155002)']"
7,C07M,TOP,70.0,28.1,270,270,EAE61081701,EAE61081701,cap-smd-2pin-3216-1.6h,FALSE,1.7000000000000008,4.300000000000001,69.1841796875,25.915841917980714,"['(70.0341796875, 29.665841917980718)', '(70.0341796875, 26.465841917980715)']"
13,D01M,TOP,64.7,30.1,90,90,EAH61515501,EAH61515501,diode-smd-2pin-2513-0.7h,FALSE,1.2500000000000002,3.2,64.0771484375,28.52194755299762,"['(64.7021484375, 29.07194755299762)', '(64.7021484375, 31.171947552997622)']"
16,L02L,TOP,13.6,48.8,90,90,EAV60669501-BF-L02L,EAV60669501,optic-smd-2pin-1608-0.6h,FALSE,0.9000000000000001,2.3,13.1876953125,47.68250883165143,"['(13.6376953125, 48.08250883165143)', '(13.6376953125, 49.58250883165143)']"
17,L04L,TOP,24.3,48.8,90,90,EAV60669501-BF-L04L,EAV60669501,optic-smd-2pin-1608-0.6h,FALSE,0.9000000000000001,2.3,23.8517578125,47.68250883165143,"['(24.3017578125, 48.08250883165143)', '(24.3017578125, 49.58250883165143)']"
18,L06L,TOP,35.2,48.8,90,90,EAV60669501-BF-L06L,EAV60669501,optic-smd-2pin-1608-0.6h,FALSE,0.9000000000000001,2.3,34.7208984375,47.68250883165143,"['(35.1708984375, 48.08250883165143)', '(35.1708984375, 49.58250883165143)']"
1,C01,TOP,67.0,15.5,90,90,0CK103CK56A,0CK103CK56A,cap-smd-2pin-1608-1.2h,FALSE,0.9000000000000001,2.3,66.5080078125,14.373597544377613,"['(66.9580078125, 14.773597544377614)', '(66.9580078125, 16.273597544377616)']"
1,C02,TOP,70.4,15.5,90,90,0CK103CK56A,0CK103CK56A,cap-smd-2pin-1608-1.2h,FALSE,0.9000000000000001,2.3,69.9943359375,14.373597544377613,"['(70.4443359375, 14.773597544377614)', '(70.4443359375, 16.273597544377616)']"
2,C04,BOTTOM,83.6,23.3,0,0,0CK103CK56A_B,0CK103CK56A,cap-smd-2pin-1608-1.2h,FALSE,2.3,0.9,82.4193359375,22.886798957441844,"['(84.3193359375, 23.336798957441843)', '(82.8193359375, 23.336798957441843)']"
2,C05,BOTTOM,83.6,25.0,0,0,0CK103CK56A_B,0CK103CK56A,cap-smd-2pin-1608-1.2h,FALSE,2.3,0.9,82.4193359375,24.531683465455366,"['(84.3193359375, 24.981683465455365)', '(82.8193359375, 24.981683465455365)']"
4,C07,TOP,89.3,45.7,270,270,0CH1104K562,0CH1104K562,cap-smd-2pin-1608-1.2h,FALSE,0.9000000000000005,2.3,88.8615234375,44.59835037912608,"['(89.3115234375, 46.49835037912608)', '(89.3115234375, 44.99835037912608)']"
5,C08,BOTTOM,83.6,28.9,0,0,0CH1102K562_B,0CH1102K562,cap-smd-2pin-1608-1.2h,FALSE,2.3,0.9,82.4193359375,28.43828417198748,"['(84.3193359375, 28.88828417198748)', '(82.8193359375, 28.88828417198748)']"
6,C09,TOP,94.8,26.8,90,90,0CH1102K562,0CH1102K562,cap-smd-2pin-1608-1.2h,FALSE,0.9000000000000001,2.3,94.3986328125,25.68217853697058,"['(94.8486328125, 26.082178536970577)', '(94.8486328125, 27.582178536970577)']"
6,C10,TOP,93.2,39.2,270,270,0CH1102K562,0CH1102K562,cap-smd-2pin-1608-1.2h,FALSE,0.9000000000000005,2.3,92.7580078125,38.01881234707199,"['(93.2080078125, 39.91881234707199)', '(93.2080078125, 38.41881234707199)']"
5,C11,BOTTOM,79.3,12.6,90,90,0CH1102K562_B,0CH1102K562,cap-smd-2pin-1608-1.2h,FALSE,0.9000000000000001,2.3,78.8126953125,11.495049655353949,"['(79.2626953125, 13.395049655353949)', '(79.2626953125, 11.895049655353949)']"
6,C12,TOP,53.4,23.1,270,270,0CH1102K562,0CH1102K562,cap-smd-2pin-1608-1.2h,FALSE,0.9000000000000005,2.3,52.9728515625,21.981188393940155,"['(53.4228515625, 23.881188393940153)', '(53.4228515625, 22.381188393940153)']"
5,C13,BOTTOM,62.4,36.3,270,270,0CH1102K562_B,0CH1102K562,cap-smd-2pin-1608-1.2h,FALSE,0.9000000000000005,2.3,61.9962890625,35.14026445804833,"['(62.4462890625, 35.54026445804833)', '(62.4462890625, 37.04026445804833)']"
4,C01M,TOP,68.2,23.5,270,270,0CH1104K562,0CH1104K562,cap-smd-2pin-1608-1.2h,FALSE,0.9000000000000005,2.3,67.7384765625,22.392409520943534,"['(68.1884765625, 24.292409520943533)', '(68.1884765625, 22.792409520943533)']"
6,C02M,TOP,64.3,23.3,90,90,0CH1102K562,0CH1102K562,cap-smd-2pin-1608-1.2h,FALSE,0.9000000000000001,2.3,63.8419921875,22.186798957441844,"['(64.2919921875, 22.586798957441843)', '(64.2919921875, 24.086798957441843)']"
4,C04M,TOP,62.7,29.7,90,90,0CH1104K562,0CH1104K562,cap-smd-2pin-1608-1.2h,FALSE,0.9000000000000001,2.3,62.2013671875,28.56072642599424,"['(62.6513671875, 28.96072642599424)', '(62.6513671875, 30.46072642599424)']"
8,C05M,BOTTOM,53.2,27.4,90,90,EAE61422705_B,EAE61422705,cap-smd-2pin-1608-0.8h,FALSE,0.9000000000000001,2.3,52.7677734375,26.299010227475648,"['(53.2177734375, 28.199010227475647)', '(53.2177734375, 26.699010227475647)']"
8,C06M,BOTTOM,53.2,31.6,270,270,EAE61422705_B,EAE61422705,cap-smd-2pin-1608-0.8h,FALSE,0.9000000000000005,2.3,52.7677734375,30.41122149750945,"['(53.2177734375, 30.81122149750945)', '(53.2177734375, 32.31122149750945)']"
4,C08M,TOP,68.2,29.1,90,90,0CH1104K562,0CH1104K562,cap-smd-2pin-1608-1.2h,FALSE,0.9000000000000001,2.3,67.7384765625,27.94389473548917,"['(68.1884765625, 28.34389473548917)', '(68.1884765625, 29.84389473548917)']"
15,L01L,TOP,11.8,48.8,90,90,EAV62774101,EAV62774101,optic-smd-2pin-1608-0.6h,FALSE,0.9000000000000001,2.3,11.3419921875,47.68250883165143,"['(11.7919921875, 48.08250883165143)', '(11.7919921875, 49.58250883165143)']"
15,L03L,TOP,22.5,48.8,90,90,EAV62774101,EAV62774101,optic-smd-2pin-1608-0.6h,FALSE,0.9000000000000001,2.3,22.0060546875,47.68250883165143,"['(22.4560546875, 48.08250883165143)', '(22.4560546875, 49.58250883165143)']"
15,L05L,TOP,33.3,48.8,90,90,EAV62774101,EAV62774101,optic-smd-2pin-1608-0.6h,FALSE,0.9000000000000001,2.3,32.8751953125,47.68250883165143,"['(33.3251953125, 48.08250883165143)', '(33.3251953125, 49.58250883165143)']"
22,R01,TOP,12.8,29.7,90,90,0RJ1001C677,0RJ1001C677,res-smd-2pin-1608-0.45h,FALSE,0.8000000000000002,2.3,12.4173828125,28.56072642599424,"['(12.8173828125, 28.96072642599424)', '(12.8173828125, 30.46072642599424)']"
22,R02,TOP,19.0,29.7,90,90,0RJ1001C677,0RJ1001C677,res-smd-2pin-1608-0.45h,FALSE,0.8000000000000002,2.3,18.5697265625,28.56072642599424,"['(18.9697265625, 28.96072642599424)', '(18.9697265625, 30.46072642599424)']"
22,R03,TOP,24.9,29.9,90,90,0RJ1001C677,0RJ1001C677,res-smd-2pin-1608-0.45h,FALSE,0.8000000000000002,2.3,24.5169921875,28.766336989495933,"['(24.9169921875, 29.16633698949593)', '(24.9169921875, 30.66633698949593)']"
22,R04,TOP,31.1,29.9,90,90,0RJ1001C677,0RJ1001C677,res-smd-2pin-1608-0.45h,FALSE,0.8000000000000002,2.3,30.6693359375,28.766336989495933,"['(31.0693359375, 29.16633698949593)', '(31.0693359375, 30.66633698949593)']"
23,R05,BOTTOM,21.0,41.2,270,270,0RJ1001C677_B,0RJ1001C677,res-smd-2pin-1608-0.45h,FALSE,0.8000000000000005,2.3,20.6205078125,40.07491798208889,"['(21.0205078125, 40.47491798208889)', '(21.0205078125, 41.97491798208889)']"
23,R06,BOTTOM,16.1,41.2,270,270,0RJ1001C677_B,0RJ1001C677,res-smd-2pin-1608-0.45h,FALSE,0.8000000000000005,2.3,15.6986328125,40.07491798208889,"['(16.0986328125, 40.47491798208889)', '(16.0986328125, 41.97491798208889)']"
23,R07,BOTTOM,23.7,41.2,270,270,0RJ1001C677_B,0RJ1001C677,res-smd-2pin-1608-0.45h,FALSE,0.8000000000000005,2.3,23.2865234375,40.07491798208889,"['(23.6865234375, 40.47491798208889)', '(23.6865234375, 41.97491798208889)']"
23,R08,BOTTOM,21.0,37.1,90,90,0RJ1001C677_B,0RJ1001C677,res-smd-2pin-1608-0.45h,FALSE,0.8000000000000002,2.3,20.6205078125,35.96270671205509,"['(21.0205078125, 37.862706712055086)', '(21.0205078125, 36.362706712055086)']"
23,R09,BOTTOM,25.9,37.1,90,90,0RJ1001C677_B,0RJ1001C677,res-smd-2pin-1608-0.45h,FALSE,0.8000000000000002,2.3,25.5423828125,35.96270671205509,"['(25.9423828125, 37.862706712055086)', '(25.9423828125, 36.362706712055086)']"
23,R10,BOTTOM,28.6,41.2,270,270,0RJ1001C677_B,0RJ1001C677,res-smd-2pin-1608-0.45h,FALSE,0.8000000000000005,2.3,28.2083984375,40.07491798208889,"['(28.6083984375, 40.47491798208889)', '(28.6083984375, 41.97491798208889)']"
23,R11,BOTTOM,18.1,41.2,270,270,0RJ1001C677_B,0RJ1001C677,res-smd-2pin-1608-0.45h,FALSE,0.8000000000000005,2.3,17.7494140625,40.07491798208889,"['(18.1494140625, 40.47491798208889)', '(18.1494140625, 41.97491798208889)']"
23,R12,BOTTOM,31.3,37.1,90,90,0RJ1001C677_B,0RJ1001C677,res-smd-2pin-1608-0.45h,FALSE,0.8000000000000002,2.3,30.8744140625,35.96270671205509,"['(31.2744140625, 37.862706712055086)', '(31.2744140625, 36.362706712055086)']"
23,R13,BOTTOM,55.9,48.4,270,270,0RJ1001C677_B,0RJ1001C677,res-smd-2pin-1608-0.45h,FALSE,0.8000000000000005,2.3,55.4837890625,47.27128770464805,"['(55.8837890625, 47.67128770464805)', '(55.8837890625, 49.17128770464805)']"
23,R14,BOTTOM,57.7,48.4,270,270,0RJ1001C677_B,0RJ1001C677,res-smd-2pin-1608-0.45h,FALSE,0.8000000000000005,2.3,57.3294921875,47.27128770464805,"['(57.7294921875, 47.67128770464805)', '(57.7294921875, 49.17128770464805)']"
23,R15,BOTTOM,59.4,48.4,270,270,0RJ1001C677_B,0RJ1001C677,res-smd-2pin-1608-0.45h,FALSE,0.8000000000000005,2.3,58.9701171875,47.27128770464805,"['(59.3701171875, 47.67128770464805)', '(59.3701171875, 49.17128770464805)']"
23,R16,BOTTOM,61.0,48.4,270,270,0RJ1001C677_B,0RJ1001C677,res-smd-2pin-1608-0.45h,FALSE,0.8000000000000005,2.3,60.6107421875,47.27128770464805,"['(61.0107421875, 47.67128770464805)', '(61.0107421875, 49.17128770464805)']"
23,R17,BOTTOM,68.2,48.4,270,270,0RJ1001C677_B,0RJ1001C677,res-smd-2pin-1608-0.45h,FALSE,0.8000000000000005,2.3,67.7884765625,47.27128770464805,"['(68.1884765625, 47.67128770464805)', '(68.1884765625, 49.17128770464805)']"
23,R18,BOTTOM,66.5,48.4,270,270,0RJ1001C677_B,0RJ1001C677,res-smd-2pin-1608-0.45h,FALSE,0.8000000000000005,2.3,66.1478515625,47.27128770464805,"['(66.5478515625, 47.67128770464805)', '(66.5478515625, 49.17128770464805)']"
23,R19,BOTTOM,64.7,48.4,270,270,0RJ1001C677_B,0RJ1001C677,res-smd-2pin-1608-0.45h,FALSE,0.8000000000000005,2.3,64.3021484375,47.27128770464805,"['(64.7021484375, 47.67128770464805)', '(64.7021484375, 49.17128770464805)']"
23,R20,BOTTOM,63.1,48.4,270,270,0RJ1001C677_B,0RJ1001C677,res-smd-2pin-1608-0.45h,FALSE,0.8000000000000005,2.3,62.6615234375,47.27128770464805,"['(63.0615234375, 47.67128770464805)', '(63.0615234375, 49.17128770464805)']"
24,R21,TOP,54.4,52.9,270,270,0RH1002C622,0RH1002C622,res-smd-2pin-1608-0.45h,FALSE,0.8000000000000005,2.3,54.0482421875,51.794720101685236,"['(54.4482421875, 53.694720101685235)', '(54.4482421875, 52.194720101685235)']"
24,R22,TOP,56.3,52.9,270,270,0RH1002C622,0RH1002C622,res-smd-2pin-1608-0.45h,FALSE,0.8000000000000005,2.3,55.8939453125,51.794720101685236,"['(56.2939453125, 53.694720101685235)', '(56.2939453125, 52.194720101685235)']"
24,R23,TOP,58.1,52.9,270,270,0RH1002C622,0RH1002C622,res-smd-2pin-1608-0.45h,FALSE,0.8000000000000005,2.3,57.7396484375,51.794720101685236,"['(58.1396484375, 53.694720101685235)', '(58.1396484375, 52.194720101685235)']"
24,R24,TOP,60.0,52.9,270,270,0RH1002C622,0RH1002C622,res-smd-2pin-1608-0.45h,FALSE,0.8000000000000005,2.3,59.5853515625,51.794720101685236,"['(59.9853515625, 53.694720101685235)', '(59.9853515625, 52.194720101685235)']"
24,R25,TOP,67.2,52.9,270,270,0RH1002C622,0RH1002C622,res-smd-2pin-1608-0.45h,FALSE,0.8000000000000005,2.3,66.7630859375,51.794720101685236,"['(67.1630859375, 53.694720101685235)', '(67.1630859375, 52.194720101685235)']"
24,R26,TOP,65.3,52.9,270,270,0RH1002C622,0RH1002C622,res-smd-2pin-1608-0.45h,FALSE,0.8000000000000005,2.3,64.9173828125,51.794720101685236,"['(65.3173828125, 53.694720101685235)', '(65.3173828125, 52.194720101685235)']"
24,R27,TOP,63.5,52.9,270,270,0RH1002C622,0RH1002C622,res-smd-2pin-1608-0.45h,FALSE,0.8000000000000005,2.3,63.0716796875,51.794720101685236,"['(63.4716796875, 53.694720101685235)', '(63.4716796875, 52.194720101685235)']"
24,R28,TOP,61.6,52.9,270,270,0RH1002C622,0RH1002C622,res-smd-2pin-1608-0.45h,FALSE,0.8000000000000005,2.3,61.2259765625,51.794720101685236,"['(61.6259765625, 53.694720101685235)', '(61.6259765625, 52.194720101685235)']"
23,R29,BOTTOM,70.2,48.4,270,270,0RJ1001C677_B,0RJ1001C677,res-smd-2pin-1608-0.45h,FALSE,0.8000000000000005,2.3,69.8392578125,47.27128770464805,"['(70.2392578125, 47.67128770464805)', '(70.2392578125, 49.17128770464805)']"
23,R30,BOTTOM,71.9,48.4,270,270,0RJ1001C677_B,0RJ1001C677,res-smd-2pin-1608-0.45h,FALSE,0.8000000000000005,2.3,71.4798828125,47.27128770464805,"['(71.8798828125, 47.67128770464805)', '(71.8798828125, 49.17128770464805)']"
23,R31,BOTTOM,73.5,48.4,270,270,0RJ1001C677_B,0RJ1001C677,res-smd-2pin-1608-0.45h,FALSE,0.8000000000000005,2.3,73.1205078125,47.27128770464805,"['(73.5205078125, 47.67128770464805)', '(73.5205078125, 49.17128770464805)']"
23,R32,BOTTOM,75.4,48.4,270,270,0RJ1001C677_B,0RJ1001C677,res-smd-2pin-1608-0.45h,FALSE,0.8000000000000005,2.3,74.9662109375,47.27128770464805,"['(75.3662109375, 47.67128770464805)', '(75.3662109375, 49.17128770464805)']"
23,R33,BOTTOM,82.5,48.4,270,270,0RJ1001C677_B,0RJ1001C677,res-smd-2pin-1608-0.45h,FALSE,0.8000000000000005,2.3,82.1439453125,47.27128770464805,"['(82.5439453125, 47.67128770464805)', '(82.5439453125, 49.17128770464805)']"
23,R34,BOTTOM,80.9,48.4,270,270,0RJ1001C677_B,0RJ1001C677,res-smd-2pin-1608-0.45h,FALSE,0.8000000000000005,2.3,80.5033203125,47.27128770464805,"['(80.9033203125, 47.67128770464805)', '(80.9033203125, 49.17128770464805)']"
23,R35,BOTTOM,79.1,48.4,270,270,0RJ1001C677_B,0RJ1001C677,res-smd-2pin-1608-0.45h,FALSE,0.8000000000000005,2.3,78.6576171875,47.27128770464805,"['(79.0576171875, 47.67128770464805)', '(79.0576171875, 49.17128770464805)']"
23,R36,BOTTOM,77.2,48.4,270,270,0RJ1001C677_B,0RJ1001C677,res-smd-2pin-1608-0.45h,FALSE,0.8000000000000005,2.3,76.8119140625,47.27128770464805,"['(77.2119140625, 47.67128770464805)', '(77.2119140625, 49.17128770464805)']"
24,R37,TOP,68.8,52.9,270,270,0RH1002C622,0RH1002C622,res-smd-2pin-1608-0.45h,FALSE,0.8000000000000005,2.3,68.4037109375,51.794720101685236,"['(68.8037109375, 53.694720101685235)', '(68.8037109375, 52.194720101685235)']"
24,R38,TOP,70.6,52.9,270,270,0RH1002C622,0RH1002C622,res-smd-2pin-1608-0.45h,FALSE,0.8000000000000005,2.3,70.2494140625,51.794720101685236,"['(70.6494140625, 53.694720101685235)', '(70.6494140625, 52.194720101685235)']"
24,R39,TOP,72.5,52.9,270,270,0RH1002C622,0RH1002C622,res-smd-2pin-1608-0.45h,FALSE,0.8000000000000005,2.3,72.0951171875,51.794720101685236,"['(72.4951171875, 53.694720101685235)', '(72.4951171875, 52.194720101685235)']"
24,R40,TOP,74.3,52.9,270,270,0RH1002C622,0RH1002C622,res-smd-2pin-1608-0.45h,FALSE,0.8000000000000005,2.3,73.9408203125,51.794720101685236,"['(74.3408203125, 53.694720101685235)', '(74.3408203125, 52.194720101685235)']"
24,R41,TOP,81.5,52.9,270,270,0RH1002C622,0RH1002C622,res-smd-2pin-1608-0.45h,FALSE,0.8000000000000005,2.3,81.1185546875,51.794720101685236,"['(81.5185546875, 53.694720101685235)', '(81.5185546875, 52.194720101685235)']"
24,R42,TOP,79.7,52.9,270,270,0RH1002C622,0RH1002C622,res-smd-2pin-1608-0.45h,FALSE,0.8000000000000005,2.3,79.2728515625,51.794720101685236,"['(79.6728515625, 53.694720101685235)', '(79.6728515625, 52.194720101685235)']"
24,R43,TOP,77.8,52.9,270,270,0RH1002C622,0RH1002C622,res-smd-2pin-1608-0.45h,FALSE,0.8000000000000005,2.3,77.4271484375,51.794720101685236,"['(77.8271484375, 53.694720101685235)', '(77.8271484375, 52.194720101685235)']"
24,R44,TOP,76.2,52.9,270,270,0RH1002C622,0RH1002C622,res-smd-2pin-1608-0.45h,FALSE,0.8000000000000005,2.3,75.7865234375,51.794720101685236,"['(76.1865234375, 53.694720101685235)', '(76.1865234375, 52.194720101685235)']"
25,R46,TOP,86.4,28.9,0,0,0RH4701C622,0RH4701C622,res-smd-2pin-1608-0.45h,FALSE,2.3,0.8,85.2904296875,28.48828417198748,"['(85.6904296875, 28.88828417198748)', '(87.1904296875, 28.88828417198748)']"
26,R47,TOP,83.4,28.9,0,0,0RH1000C622,0RH1000C622,res-smd-2pin-1608-0.45h,FALSE,2.3,0.8,82.2142578125,28.48828417198748,"['(82.6142578125, 28.88828417198748)', '(84.1142578125, 28.88828417198748)']"
25,R48,TOP,91.4,26.8,90,90,0RH4701C622,0RH4701C622,res-smd-2pin-1608-0.45h,FALSE,0.8000000000000002,2.3,90.9623046875,25.68217853697058,"['(91.3623046875, 26.082178536970577)', '(91.3623046875, 27.582178536970577)']"
26,R49,TOP,93.2,26.8,90,90,0RH1000C622,0RH1000C622,res-smd-2pin-1608-0.45h,FALSE,0.8000000000000002,2.3,92.8080078125,25.68217853697058,"['(93.2080078125, 26.082178536970577)', '(93.2080078125, 27.582178536970577)']"
25,R50,TOP,51.4,19.4,270,270,0RH4701C622,0RH4701C622,res-smd-2pin-1608-0.45h,FALSE,0.8000000000000005,2.3,50.9720703125,18.28019825090973,"['(51.3720703125, 20.18019825090973)', '(51.3720703125, 18.68019825090973)']"
26,R51,TOP,51.4,23.1,270,270,0RH1000C622,0RH1000C622,res-smd-2pin-1608-0.45h,FALSE,0.8000000000000005,2.3,50.9720703125,21.981188393940155,"['(51.3720703125, 23.881188393940153)', '(51.3720703125, 22.381188393940153)']"
27,R52,BOTTOM,91.4,9.1,90,90,0RJ4990D477_B,0RJ4990D477,res-smd-2pin-1608-0.45h,FALSE,0.8000000000000002,2.3,90.9623046875,7.999670075825215,"['(91.3623046875, 9.899670075825215)', '(91.3623046875, 8.399670075825215)']"
27,R53,BOTTOM,89.5,9.1,90,90,0RJ4990D477_B,0RJ4990D477,res-smd-2pin-1608-0.45h,FALSE,0.8000000000000002,2.3,89.1166015625,7.999670075825215,"['(89.5166015625, 9.899670075825215)', '(89.5166015625, 8.399670075825215)']"
28,R54,BOTTOM,59.0,36.1,90,90,0RH4701C622_B,0RH4701C622,res-smd-2pin-1608-0.45h,FALSE,0.8000000000000002,2.3,58.5599609375,34.93465389454664,"['(58.9599609375, 36.83465389454664)', '(58.9599609375, 35.33465389454664)']"
29,R55,BOTTOM,60.6,36.1,270,270,0RH1000C622_B,0RH1000C622,res-smd-2pin-1608-0.45h,FALSE,0.8000000000000005,2.3,60.2005859375,34.93465389454664,"['(60.6005859375, 35.33465389454664)', '(60.6005859375, 36.83465389454664)']"
30,R60,BOTTOM,65.9,36.7,90,90,0RH1002C622_B,0RH1002C622,res-smd-2pin-1608-0.45h,FALSE,0.8000000000000002,2.3,65.5326171875,35.55148558505171,"['(65.9326171875, 37.45148558505171)', '(65.9326171875, 35.95148558505171)']"
30,R61,BOTTOM,67.8,36.7,90,90,0RH1002C622_B,0RH1002C622,res-smd-2pin-1608-0.45h,FALSE,0.8000000000000002,2.3,67.3783203125,35.55148558505171,"['(67.7783203125, 37.45148558505171)', '(67.7783203125, 35.95148558505171)']"
30,R62,BOTTOM,83.6,26.6,180,180,0RH1002C622_B,0RH1002C622,res-smd-2pin-1608-0.45h,FALSE,2.3,0.8000000000000004,82.4193359375,26.22656797346889,"['(82.8193359375, 26.626567973468887)', '(84.3193359375, 26.626567973468887)']"
30,R63,BOTTOM,83.4,21.5,180,180,0RH1002C622_B,0RH1002C622,res-smd-2pin-1608-0.45h,FALSE,2.3,0.8000000000000004,82.2142578125,21.086303885926633,"['(82.6142578125, 21.48630388592663)', '(84.1142578125, 21.48630388592663)']"
25,R64,TOP,86.4,25.0,180,180,0RH4701C622,0RH4701C622,res-smd-2pin-1608-0.45h,FALSE,2.3,0.8000000000000004,85.2904296875,24.581683465455367,"['(87.1904296875, 24.981683465455365)', '(85.6904296875, 24.981683465455365)']"
25,R65,TOP,86.4,23.3,180,180,0RH4701C622,0RH4701C622,res-smd-2pin-1608-0.45h,FALSE,2.3,0.8000000000000004,85.2904296875,22.936798957441844,"['(87.1904296875, 23.336798957441843)', '(85.6904296875, 23.336798957441843)']"
25,R66,TOP,71.5,11.6,270,270,0RH4701C622,0RH4701C622,res-smd-2pin-1608-0.45h,FALSE,0.8000000000000005,2.3,71.0697265625,10.466996837845498,"['(71.4697265625, 12.366996837845498)', '(71.4697265625, 10.866996837845498)']"
25,R67,TOP,64.5,11.4,270,270,0RH4701C622,0RH4701C622,res-smd-2pin-1608-0.45h,FALSE,0.8000000000000005,2.3,64.0970703125,10.261386274343808,"['(64.4970703125, 12.161386274343808)', '(64.4970703125, 10.661386274343808)']"
22,R68,TOP,65.9,11.4,90,90,0RJ1001C677,0RJ1001C677,res-smd-2pin-1608-0.45h,FALSE,0.8000000000000002,2.3,65.5326171875,10.261386274343808,"['(65.9326171875, 10.661386274343808)', '(65.9326171875, 12.161386274343808)']"
22,R69,TOP,69.8,11.6,90,90,0RJ1001C677,0RJ1001C677,res-smd-2pin-1608-0.45h,FALSE,0.8000000000000002,2.3,69.4291015625,10.466996837845498,"['(69.8291015625, 10.866996837845498)', '(69.8291015625, 12.366996837845498)']"
22,R70,TOP,83.6,23.3,180,180,0RJ1001C677,0RJ1001C677,res-smd-2pin-1608-0.45h,FALSE,2.3,0.8000000000000004,82.4193359375,22.936798957441844,"['(84.3193359375, 23.336798957441843)', '(82.8193359375, 23.336798957441843)']"
22,R71,TOP,83.6,25.0,180,180,0RJ1001C677,0RJ1001C677,res-smd-2pin-1608-0.45h,FALSE,2.3,0.8000000000000004,82.4193359375,24.581683465455367,"['(84.3193359375, 24.981683465455365)', '(82.8193359375, 24.981683465455365)']"
25,R01M,TOP,60.6,22.7,180,180,0RH4701C622,0RH4701C622,res-smd-2pin-1608-0.45h,FALSE,2.3,0.8000000000000004,59.4505859375,22.31996726693677,"['(61.3505859375, 22.71996726693677)', '(59.8505859375, 22.71996726693677)']"
31,R02M,TOP,60.6,24.2,180,180,0RH1001C422,0RH1001C422,res-smd-2pin-1608-0.45h,FALSE,2.3,0.8000000000000004,59.4505859375,23.759241211448604,"['(61.3505859375, 24.159241211448602)', '(59.8505859375, 24.159241211448602)']"
25,R03M,TOP,65.9,35.5,270,270,0RH4701C622,0RH4701C622,res-smd-2pin-1608-0.45h,FALSE,0.8000000000000005,2.3,65.5326171875,34.31782220404157,"['(65.9326171875, 36.21782220404157)', '(65.9326171875, 34.71782220404157)']"
31,R04M,TOP,64.3,35.5,270,270,0RH1001C422,0RH1001C422,res-smd-2pin-1608-0.45h,FALSE,0.8000000000000005,2.3,63.8919921875,34.31782220404157,"['(64.2919921875, 36.21782220404157)', '(64.2919921875, 34.71782220404157)']"
32,R05M,BOTTOM,60.6,29.5,180,180,0RH0000C622_B,0RH0000C622,res-smd-2pin-1608-0.45h,FALSE,2.3,0.8000000000000004,59.4505859375,29.10511586249255,"['(59.8505859375, 29.50511586249255)', '(61.3505859375, 29.50511586249255)']"
33,R06M,BOTTOM,60.6,31.2,180,180,0RH1004C622_B,0RH1004C622,res-smd-2pin-1608-0.45h,FALSE,2.3,0.8000000000000004,59.4505859375,30.750000370506072,"['(59.8505859375, 31.15000037050607)', '(61.3505859375, 31.15000037050607)']"
30,R07M,BOTTOM,60.6,21.5,180,180,0RH1002C622_B,0RH1002C622,res-smd-2pin-1608-0.45h,FALSE,2.3,0.8000000000000004,59.4505859375,21.086303885926633,"['(59.8505859375, 21.48630388592663)', '(61.3505859375, 21.48630388592663)']"
30,R08M,BOTTOM,55.3,21.5,180,180,0RH1002C622_B,0RH1002C622,res-smd-2pin-1608-0.45h,FALSE,2.3,0.8000000000000004,54.1185546875,21.086303885926633,"['(54.5185546875, 21.48630388592663)', '(56.0185546875, 21.48630388592663)']"
30,R09M,BOTTOM,60.6,23.3,180,180,0RH1002C622_B,0RH1002C622,res-smd-2pin-1608-0.45h,FALSE,2.3,0.8000000000000004,59.4505859375,22.936798957441844,"['(59.8505859375, 23.336798957441843)', '(61.3505859375, 23.336798957441843)']"
30,R10M,BOTTOM,55.3,23.3,180,180,0RH1002C622_B,0RH1002C622,res-smd-2pin-1608-0.45h,FALSE,2.3,0.8000000000000004,54.1185546875,22.936798957441844,"['(54.5185546875, 23.336798957441843)', '(56.0185546875, 23.336798957441843)']"
30,R11M,BOTTOM,60.0,26.0,180,180,0RH1002C622_B,0RH1002C622,res-smd-2pin-1608-0.45h,FALSE,2.3,0.8000000000000004,58.8353515625,25.609736282963816,"['(59.2353515625, 26.009736282963814)', '(60.7353515625, 26.009736282963814)']"
14,DC5V,TOP,87.5,47.2,0,0,GUIDE-POINT,GUIDE-POINT,guide-jigpoint,FALSE,1.3,1.3,86.8158203125,46.537624323637914,"['(87.4658203125, 47.18762432363791)']"
14,DC_GND,TOP,87.5,44.9,0,0,GUIDE-POINT,GUIDE-POINT,guide-jigpoint,FALSE,1.3,1.3,86.8158203125,44.27590812511932,"['(87.4658203125, 44.92590812511932)']"
14,RESET,TOP,64.3,33.2,0,0,GUIDE-POINT,GUIDE-POINT,guide-jigpoint,FALSE,1.3,1.3,63.6419921875,32.55610600552298,"['(64.2919921875, 33.206106005522976)']"
14,U_RX,TOP,82.5,30.7,0,0,GUIDE-POINT,GUIDE-POINT,guide-jigpoint,FALSE,1.3,1.3,81.8939453125,30.088779243502692,"['(82.5439453125, 30.73877924350269)']"
14,U_TX,TOP,49.5,22.5,270,270,GUIDE-POINT,GUIDE-POINT,guide-jigpoint,FALSE,1.3000000000000003,1.3000000000000003,48.8763671875,21.86435670343508,"['(49.5263671875, 22.51435670343508)']"
